{"app":{"iconId":16777217,"minAPIVersion":50000012,"icon":"$media:app_icon","label":"$string:app_name","bundleType":"app","versionName":"1.0.0","versionCode":1000000,"appEnvironments":[],"compileSdkType":"HarmonyOS","labelId":16777216,"compileSdkVersion":"5.0.0.71","targetAPIVersion":50000012,"vendor":"Nu1L","bundleName":"com.nu1l.brokenapp","apiReleaseType":"Release"},"module":{"virtualMachine":"ark12.0.2.0","mainElement":"EntryAbility","installationFree":false,"deliveryWithInstall":true,"description":"$string:module_desc","compileMode":"esmodule","type":"entry","dependencies":[],"abilities":[{"exported":true,"iconId":16777224,"startWindowIconId":16777224,"icon":"$media:icon","startWindowIcon":"$media:icon","startWindowBackgroundId":16777223,"description":"$string:EntryAbility_desc","label":"$string:EntryAbility_label","skills":[{"entities":["entity.system.home"],"actions":["action.system.home"]}],"srcEntry":"./ets/entryability/EntryAbility.ets","descriptionId":16777218,"labelId":16777219,"startWindowBackground":"$color:start_window_background","name":"EntryAbility"}],"deviceTypes":["phone","tablet"],"pages":"$profile:main_pages","descriptionId":16777221,"name":"entry","packageName":"entry"}}